{"cameraMode":{"drawMode":0,"name":"Shaded","section":"Shading Mode"},"sceneLighting":true,"audioPlay":false,"sceneViewState":{"showFog":true,"showMaterialUpdate":false,"showSkybox":true,"showFlares":true,"showImageEffects":true,"showParticleSystems":true},"in2DMode":false,"pivot":{"x":-0.5213394165039063,"y":-1.74755859375,"z":-0.1064453125},"rotation":{"x":-0.0809812918305397,"y":0.07344725728034973,"z":-0.006252423394471407,"w":-0.9939861297607422},"size":4.816684722900391,"orthographic":true}